{
  "metrics_sinusoidal_pe": {
    "precision": 0.3381378221988427,
    "recall": 0.3206624763044997,
    "f1_score": 0.32916837361736995,
    "auc_roc": 0.6700711663207387,
    "threshold": 0.7853392362594604,
    "mean_score": 0.24773424863815308,
    "std_score": 0.37048330903053284,
    "mean_score_normal": 0.21478062868118286,
    "mean_score_anomaly": 0.839790940284729
  },
  "metrics_learnable_pe": {
    "precision": 0.32246186217780115,
    "recall": 0.30579666766437197,
    "f1_score": 0.31390823433019255,
    "auc_roc": 0.6836654637785062,
    "threshold": 1.0081837177276611,
    "mean_score": 0.2919849753379822,
    "std_score": 0.42697030305862427,
    "mean_score_normal": 0.2562158405780792,
    "mean_score_anomaly": 0.9346272349357605
  },
  "metrics_no_pe": {
    "precision": 0.3150973172014729,
    "recall": 0.2988127307193455,
    "f1_score": 0.30673904137648506,
    "auc_roc": 0.6599828659990494,
    "threshold": 0.8360412120819092,
    "mean_score": 0.2625131905078888,
    "std_score": 0.4081323444843292,
    "mean_score_normal": 0.2257128804922104,
    "mean_score_anomaly": 0.9236811995506287
  },
  "permutation_test_sinusoidal_pe": {
    "max_diff_after_reorder": [
      0.665299654006958,
      0.5807431936264038,
      0.581231951713562,
      0.5110118389129639,
      0.7511518001556396,
      0.6485684514045715,
      0.6129277348518372,
      0.6229450702667236,
      0.5069456100463867,
      0.6045515537261963
    ],
    "max_diff_shuffled_vs_original": [
      1.064852237701416,
      1.1142338514328003,
      0.9908973574638367,
      0.9465951919555664,
      1.0004901885986328,
      1.1053475141525269,
      1.0804152488708496,
      0.9760986566543579,
      0.8221343755722046,
      1.0178693532943726
    ],
    "mean_diff_after_reorder": 0.6085376858711242,
    "mean_diff_shuffled_vs_original": 1.0118933975696565
  },
  "permutation_test_learnable_pe": {
    "max_diff_after_reorder": [
      0.08804714679718018,
      0.08419425040483475,
      0.0838477611541748,
      0.10277068614959717,
      0.0884397029876709,
      0.09381049871444702,
      0.09173846244812012,
      0.08109092712402344,
      0.10604938864707947,
      0.09309414029121399
    ],
    "max_diff_shuffled_vs_original": [
      1.0346225500106812,
      1.1663897037506104,
      0.9873538613319397,
      0.9353310465812683,
      0.9825273752212524,
      1.0077024698257446,
      1.0831587314605713,
      0.979142963886261,
      0.8686999082565308,
      0.9382826685905457
    ],
    "mean_diff_after_reorder": 0.09130829647183418,
    "mean_diff_shuffled_vs_original": 0.9983211278915405
  },
  "permutation_test_no_pe": {
    "max_diff_after_reorder": [
      1.1920928955078125e-06,
      9.5367431640625e-07,
      9.5367431640625e-07,
      9.5367431640625e-07,
      9.5367431640625e-07,
      9.5367431640625e-07,
      9.5367431640625e-07,
      1.1920928955078125e-06,
      9.5367431640625e-07,
      1.1920928955078125e-06
    ],
    "max_diff_shuffled_vs_original": [
      1.1708357334136963,
      1.148237943649292,
      1.0905117988586426,
      1.0895168781280518,
      1.1695060729980469,
      1.0725524425506592,
      1.1569576263427734,
      1.108277440071106,
      1.031754493713379,
      1.1223946809768677
    ],
    "mean_diff_after_reorder": 1.0251998901367187e-06,
    "mean_diff_shuffled_vs_original": 1.1160545110702516
  }
}