{
  "sinusoidal_pe": {
    "train_loss": [
      9.156318505605062,
      5.769551595052083,
      3.894028981526693,
      2.441340525945028,
      1.4224894841512044,
      0.8567158778508505,
      0.5751862029234568,
      0.4399946977694829,
      0.37145598729451496,
      0.3115380257368088,
      0.27008507897456485,
      0.23720338195562363,
      0.2198158254226049,
      0.2025812640786171,
      0.1939131294687589,
      0.18656007200479507,
      0.18030277639627457,
      0.17666319260994592,
      0.17231507847706476,
      0.16909929861625037,
      0.16812331229448318,
      0.16151868055264154,
      0.16066423803567886,
      0.158031535645326,
      0.15742111206054688,
      0.1583123430609703,
      0.15457411607106528,
      0.15322835743427277,
      0.15443484236796698,
      0.15594463050365448
    ],
    "val_loss": [
      1.4650068898995718,
      1.6885933041572572,
      1.7781564474105835,
      1.195692997177442,
      0.8607145130634308,
      0.6879422008991242,
      0.48361663321654,
      0.4146290193001429,
      0.3818115266660849,
      0.3464451864361763,
      0.32187709758679073,
      0.2667508582274119,
      0.2747116707265377,
      0.2733257286250591,
      0.26280828366676967,
      0.25872824490070345,
      0.27004161725441617,
      0.2540662713348866,
      0.2688765533268452,
      0.2503185410052538,
      0.25660733270148434,
      0.2509359085311492,
      0.2488857677827279,
      0.2607070119430622,
      0.26082171611487864,
      0.2499400318910678,
      0.25117715472976365,
      0.25298641609648864,
      0.25342622188230357,
      0.2547844524184863
    ],
    "best_epoch": 23,
    "best_val_loss": 0.2488857677827279
  },
  "learnable_pe": {
    "train_loss": [
      9.026464303334555,
      5.665905435880025,
      3.509988307952881,
      1.9383252461751301,
      1.0227896670500438,
      0.6164077669382095,
      0.4426292230685552,
      0.34121183057626087,
      0.28517458587884903,
      0.2385286639134089,
      0.22883250067631403,
      0.20272343854109445,
      0.19965383410453796,
      0.21630829324324927,
      0.17562637974818548,
      0.1772229770819346,
      0.1647093047698339,
      0.15550814817349115,
      0.15146341547369957,
      0.14624236275752386,
      0.1434556022286415,
      0.13985900084177652,
      0.13887672871351242,
      0.13765629877646765,
      0.1392549897233645,
      0.1354152833422025,
      0.1378040462732315,
      0.13551432266831398,
      0.13687374318639436,
      0.13712853317459425
    ],
    "val_loss": [
      1.302444585164388,
      1.3113384068012237,
      1.358454274137815,
      1.0616364528735478,
      0.869732282559077,
      0.5505469113588333,
      0.42048742771148684,
      0.3756336770951748,
      0.3481188396612803,
      0.3068515392641226,
      0.3237627975642681,
      0.2944208852946758,
      0.3227499030530453,
      0.3173257817824682,
      0.3282915916293859,
      0.34234308438996475,
      0.30656062873701256,
      0.3114035103470087,
      0.3065927758812904,
      0.30442064193387824,
      0.30646002031862735,
      0.3107432680825392,
      0.3175987020134926,
      0.310391437013944,
      0.3165487188845873,
      0.31002942472696304,
      0.3130481173594793,
      0.3100347804526488,
      0.3103653154025475,
      0.31345907027522724
    ],
    "best_epoch": 12,
    "best_val_loss": 0.2944208852946758
  },
  "no_pe": {
    "train_loss": [
      9.449434598286947,
      6.289683739344279,
      4.272265632947286,
      2.755494554837545,
      1.5794615745544434,
      0.9073361158370972,
      0.5527735203504562,
      0.38566623131434125,
      0.29708072046438855,
      0.2308408444126447,
      0.20224674294392267,
      0.1904498611887296,
      0.17444599668184915,
      0.16186107446750006,
      0.15250315517187119,
      0.14952664325634638,
      0.1458639850219091,
      0.13931413739919662,
      0.1324890305598577,
      0.133063322554032,
      0.13084874923030534,
      0.1298390987018744,
      0.126274603108565,
      0.12670478597283363,
      0.1277300367752711,
      0.12444856638709705,
      0.12607590854167938,
      0.12327507014075915,
      0.12596886232495308,
      0.12570706382393837
    ],
    "val_loss": [
      1.3982402036587398,
      1.2844792366027833,
      1.6201478997866312,
      1.2452586839596431,
      0.9173245628674825,
      0.6280925547083219,
      0.42373792280753453,
      0.4048351834217707,
      0.356974412749211,
      0.33123013402024903,
      0.30690871526797614,
      0.3028401590883732,
      0.3042866458495458,
      0.2958406239748001,
      0.29435500328739483,
      0.2834686979651451,
      0.2801508160928885,
      0.2716408068935076,
      0.2779464249809583,
      0.2712851345539093,
      0.26616513878107073,
      0.2638336713115374,
      0.2650351705650488,
      0.26735452339053156,
      0.26674213086565335,
      0.2656927689909935,
      0.2659203439950943,
      0.26556980013847353,
      0.26534983987609545,
      0.2654055555661519
    ],
    "best_epoch": 22,
    "best_val_loss": 0.2638336713115374
  }
}