{
  "metrics_sinusoidal_pe": {
    "precision": 0.35907417148869014,
    "recall": 0.34051681133393197,
    "f1_score": 0.34954936501433836,
    "auc_roc": 0.6793239066864061,
    "threshold": 0.8178280591964722,
    "mean_score": 0.30158308148384094,
    "std_score": 0.3737291693687439,
    "mean_score_normal": 0.26795491576194763,
    "mean_score_anomaly": 0.9057604074478149
  },
  "metrics_learnable_pe": {
    "precision": 0.3225670699631773,
    "recall": 0.30589643819215806,
    "f1_score": 0.31401065137238837,
    "auc_roc": 0.6797937163544601,
    "threshold": 0.737327516078949,
    "mean_score": 0.25241348147392273,
    "std_score": 0.3859608769416809,
    "mean_score_normal": 0.21702180802822113,
    "mean_score_anomaly": 0.8882730603218079
  },
  "metrics_no_pe": {
    "precision": 0.3165702261967386,
    "recall": 0.3002095181083508,
    "f1_score": 0.30817287996722653,
    "auc_roc": 0.6723466825348772,
    "threshold": 0.8480465412139893,
    "mean_score": 0.2398168295621872,
    "std_score": 0.3934866786003113,
    "mean_score_normal": 0.20508670806884766,
    "mean_score_anomaly": 0.8637915849685669
  },
  "permutation_test_sinusoidal_pe": {
    "max_diff_after_reorder": [
      0.746792197227478,
      0.6060940027236938,
      0.5803845524787903,
      0.7548967599868774,
      0.6844213008880615,
      0.6553719639778137,
      0.6959410905838013,
      0.6372076272964478,
      0.5984660387039185,
      0.7615588903427124
    ],
    "max_diff_shuffled_vs_original": [
      0.9851037859916687,
      1.055214524269104,
      0.9433544874191284,
      1.0365725755691528,
      1.1249327659606934,
      1.0549266338348389,
      1.083601951599121,
      0.9573252201080322,
      0.9268530607223511,
      1.0838453769683838
    ],
    "mean_diff_after_reorder": 0.6721134424209595,
    "mean_diff_shuffled_vs_original": 1.0251730382442474
  },
  "permutation_test_learnable_pe": {
    "max_diff_after_reorder": [
      0.16855573654174805,
      0.1157524585723877,
      0.10243299603462219,
      0.10336634516716003,
      0.1466212272644043,
      0.1271350383758545,
      0.13735151290893555,
      0.1266980767250061,
      0.12753140926361084,
      0.13024216890335083
    ],
    "max_diff_shuffled_vs_original": [
      1.0420291423797607,
      1.1242519617080688,
      1.1342945098876953,
      1.0805704593658447,
      1.059067726135254,
      1.0495229959487915,
      1.2257864475250244,
      1.2148871421813965,
      1.0592104196548462,
      1.1112658977508545
    ],
    "mean_diff_after_reorder": 0.128568696975708,
    "mean_diff_shuffled_vs_original": 1.1100886702537536
  },
  "permutation_test_no_pe": {
    "max_diff_after_reorder": [
      9.5367431640625e-07,
      9.5367431640625e-07,
      9.5367431640625e-07,
      9.5367431640625e-07,
      9.5367431640625e-07,
      9.5367431640625e-07,
      9.5367431640625e-07,
      9.5367431640625e-07,
      9.5367431640625e-07,
      9.5367431640625e-07
    ],
    "max_diff_shuffled_vs_original": [
      1.052443027496338,
      1.2028751373291016,
      1.1051394939422607,
      1.1067811250686646,
      1.053605318069458,
      1.0789772272109985,
      1.1399874687194824,
      1.025522232055664,
      1.0020811557769775,
      1.0588279962539673
    ],
    "mean_diff_after_reorder": 9.5367431640625e-07,
    "mean_diff_shuffled_vs_original": 1.0826240181922913
  }
}