{
  "sinusoidal_pe": {
    "train_loss": [
      9.092200915018717,
      5.8810155391693115,
      4.025433619817098,
      2.3587886492411294,
      1.3566171328226726,
      0.7711136639118195,
      0.5510380665461222,
      0.4118966609239578,
      0.3284396181503932,
      0.2823888510465622,
      0.23400804897149405,
      0.2078443244099617,
      0.18900099645058313,
      0.17963495602210364,
      0.16981355597575506,
      0.16178618371486664,
      0.16247733185688654,
      0.1528844286998113,
      0.15292793760697046,
      0.1468892196814219,
      0.14486331244309744,
      0.14501605182886124,
      0.1427761415640513,
      0.1402578130364418,
      0.13962643593549728,
      0.14038064082463583,
      0.1358143612742424,
      0.1370969737569491,
      0.13790321598450342,
      0.13573132703701654
    ],
    "val_loss": [
      1.566729521751404,
      1.8327781081199646,
      1.450431720415751,
      1.7998665114243826,
      1.0371338874101639,
      0.6788449441393216,
      0.5453591669599215,
      0.46790970464547477,
      0.4639280547698339,
      0.38109667524695395,
      0.3446620965997378,
      0.32986028616627056,
      0.3300751974185308,
      0.3265111491084099,
      0.31402839422225953,
      0.322480891396602,
      0.3088080865641435,
      0.31522263449927174,
      0.30719249645868935,
      0.31153357128302256,
      0.310879772901535,
      0.31015870670477547,
      0.304099956403176,
      0.31216592664519943,
      0.3086166027933359,
      0.30602191065748535,
      0.3089629211773475,
      0.31074729387958844,
      0.30956195046504337,
      0.30936853773891926
    ],
    "best_epoch": 23,
    "best_val_loss": 0.304099956403176
  },
  "learnable_pe": {
    "train_loss": [
      7.824622472127278,
      5.067727446556091,
      3.099929094314575,
      1.7049278219540913,
      0.9305631120999655,
      0.511178915699323,
      0.36419594784577686,
      0.2734881167610486,
      0.22079331427812576,
      0.1887038598457972,
      0.17170392473538718,
      0.15543405090769133,
      0.1506368319193522,
      0.1406015083193779,
      0.13679855316877365,
      0.13161720087130865,
      0.12523704022169113,
      0.12430919458468755,
      0.12136820579568545,
      0.12035743147134781,
      0.11632135013739268,
      0.11637610321243604,
      0.11486406127611797,
      0.11520862951874733,
      0.11165858308474223,
      0.11399132758378983,
      0.11271927133202553,
      0.1100860983133316,
      0.11237459505597751,
      0.11077878748377164
    ],
    "val_loss": [
      1.1288148214419682,
      1.162334535519282,
      0.9201713095108668,
      0.8238285809755326,
      0.549744164943695,
      0.44462511042753855,
      0.390732196221749,
      0.3841534482936064,
      0.3157397550841173,
      0.3051429678996404,
      0.28991468002398807,
      0.2636161466439565,
      0.2654949828982353,
      0.25420851856470106,
      0.260131207605203,
      0.25766617606083553,
      0.2594609044492245,
      0.2577583042283853,
      0.2584068519373735,
      0.25828756565848987,
      0.26124136870106063,
      0.2593345075845718,
      0.2572625699142615,
      0.25737004602948826,
      0.25614953314264616,
      0.255112769951423,
      0.25544502064585684,
      0.25588819682598113,
      0.2562708929181099,
      0.25637894744674367
    ],
    "best_epoch": 14,
    "best_val_loss": 0.25420851856470106
  },
  "no_pe": {
    "train_loss": [
      8.962186654408773,
      6.064459562301636,
      4.019233743349711,
      2.4714555541674295,
      1.470061997572581,
      0.8961012860139211,
      0.5913269023100535,
      0.43530883888403576,
      0.33017120758692425,
      0.28166655202706653,
      0.24242077519496283,
      0.21664717545111975,
      0.19456960260868073,
      0.1780372013648351,
      0.16831123332182565,
      0.1637849658727646,
      0.1590831403930982,
      0.15013796339432398,
      0.14522636930147806,
      0.14040482416749,
      0.14051166425148645,
      0.13970573619008064,
      0.1357270007332166,
      0.1332441878815492,
      0.13351579507191977,
      0.13575799018144608,
      0.13129184395074844,
      0.13354071726401648,
      0.13080106178919473,
      0.13281977673371634
    ],
    "val_loss": [
      1.3119204610586166,
      1.5150390326976777,
      1.8377494513988495,
      1.2488221029440563,
      0.9316826810439428,
      0.851958163579305,
      0.5575123767058054,
      0.45900697708129884,
      0.3466357740263144,
      0.3078527810672919,
      0.27300956919789315,
      0.26067525893449783,
      0.2746575452387333,
      0.2712514924506346,
      0.26293919508655866,
      0.2607104641695817,
      0.25428933948278426,
      0.25157162894805274,
      0.24533363742132983,
      0.24824524931609632,
      0.24646310284733772,
      0.24599477735658487,
      0.24114764208594958,
      0.24518094869951407,
      0.24448474061985812,
      0.2453417936960856,
      0.2434063658118248,
      0.24379118494689464,
      0.24431419384976227,
      0.24403162859380245
    ],
    "best_epoch": 23,
    "best_val_loss": 0.24114764208594958
  }
}