{
  "metrics_sinusoidal_pe": {
    "precision": 0.3540241977906365,
    "recall": 0.3357278260001995,
    "f1_score": 0.34463334698893894,
    "auc_roc": 0.6751381655208897,
    "threshold": 0.5538011789321899,
    "mean_score": 0.20040476322174072,
    "std_score": 0.3255220055580139,
    "mean_score_normal": 0.169033482670784,
    "mean_score_anomaly": 0.7640333771705627
  },
  "metrics_learnable_pe": {
    "precision": 0.32372435560231455,
    "recall": 0.30699391399780507,
    "f1_score": 0.3151372388365424,
    "auc_roc": 0.6846480442173369,
    "threshold": 0.8401204347610474,
    "mean_score": 0.2626301646232605,
    "std_score": 0.39809274673461914,
    "mean_score_normal": 0.22645874321460724,
    "mean_score_anomaly": 0.9124993681907654
  },
  "metrics_no_pe": {
    "precision": 0.3043661230931089,
    "recall": 0.2886361368851641,
    "f1_score": 0.29629250307251126,
    "auc_roc": 0.6689948427955597,
    "threshold": 0.8117091655731201,
    "mean_score": 0.23990459740161896,
    "std_score": 0.40090417861938477,
    "mean_score_normal": 0.20619569718837738,
    "mean_score_anomaly": 0.8455314636230469
  },
  "permutation_test_sinusoidal_pe": {
    "max_diff_after_reorder": [
      0.8703047037124634,
      0.7703415751457214,
      0.7845697402954102,
      0.8546752333641052,
      0.6302804946899414,
      0.9802981615066528,
      1.099353551864624,
      0.8061569929122925,
      0.7756379842758179,
      0.6597434282302856
    ],
    "max_diff_shuffled_vs_original": [
      1.0270401239395142,
      1.1473249197006226,
      0.9763920903205872,
      0.9792830944061279,
      1.0961321592330933,
      1.0524601936340332,
      1.1617769002914429,
      1.0513184070587158,
      0.8635150194168091,
      1.0584232807159424
    ],
    "mean_diff_after_reorder": 0.8231361865997314,
    "mean_diff_shuffled_vs_original": 1.0413666188716888
  },
  "permutation_test_learnable_pe": {
    "max_diff_after_reorder": [
      0.13478100299835205,
      0.09668422490358353,
      0.10361374914646149,
      0.09034018218517303,
      0.09974077343940735,
      0.11676991730928421,
      0.11773090064525604,
      0.13343316316604614,
      0.09200060367584229,
      0.09192639589309692
    ],
    "max_diff_shuffled_vs_original": [
      1.1013712882995605,
      1.1116467714309692,
      0.9963883757591248,
      0.9294626116752625,
      0.9909802079200745,
      1.0671964883804321,
      1.195887565612793,
      1.0435354709625244,
      0.8488327860832214,
      1.0215517282485962
    ],
    "mean_diff_after_reorder": 0.1077020913362503,
    "mean_diff_shuffled_vs_original": 1.0306853294372558
  },
  "permutation_test_no_pe": {
    "max_diff_after_reorder": [
      1.1920928955078125e-06,
      1.1920928955078125e-06,
      9.5367431640625e-07,
      9.5367431640625e-07,
      7.152557373046875e-07,
      9.5367431640625e-07,
      1.430511474609375e-06,
      1.1920928955078125e-06,
      9.5367431640625e-07,
      9.5367431640625e-07
    ],
    "max_diff_shuffled_vs_original": [
      1.0633831024169922,
      1.1962755918502808,
      1.0502338409423828,
      0.9573822617530823,
      1.0265586376190186,
      1.0257307291030884,
      1.2708520889282227,
      1.2195920944213867,
      0.9358052015304565,
      1.0368796586990356
    ],
    "mean_diff_after_reorder": 1.049041748046875e-06,
    "mean_diff_shuffled_vs_original": 1.0782693207263947
  }
}