{
  "sinusoidal_pe": {
    "train_loss": [
      9.033596754074097,
      5.665687640508016,
      3.725992997487386,
      2.2559542059898376,
      1.3170743584632874,
      0.8090540965398153,
      0.5099689563115438,
      0.4077898859977722,
      0.3257721612850825,
      0.2807692140340805,
      0.264367180565993,
      0.2337692603468895,
      0.22501995662848154,
      0.21421750138203302,
      0.19967382649580637,
      0.19110090037186941,
      0.18547340979178747,
      0.1785370111465454,
      0.17695909241835275,
      0.17511311918497086,
      0.16747206449508667,
      0.16812505076328912,
      0.16498376180728277,
      0.1641451840599378,
      0.16244114935398102,
      0.16174152990182242,
      0.15919220944245657,
      0.15879791229963303,
      0.15924193213383356,
      0.15841755270957947
    ],
    "val_loss": [
      1.6413993736108143,
      1.8606712758541106,
      1.3659891615311304,
      1.5329796433448792,
      0.872741096218427,
      0.5633276551961899,
      0.4391566460331281,
      0.4369984914859136,
      0.3350374964376291,
      0.2923002168536186,
      0.2512884423136711,
      0.23039110749959946,
      0.2284177469710509,
      0.2150462416311105,
      0.21381472771366436,
      0.21415291155378025,
      0.211201091359059,
      0.20995515286922456,
      0.20943625271320343,
      0.20591870608429114,
      0.2011130296935638,
      0.20610770396888256,
      0.20942858271300793,
      0.20444025993347167,
      0.20565320452054342,
      0.20643701702356337,
      0.20694883937637013,
      0.20553248139719169,
      0.205690319587787,
      0.2060245994478464
    ],
    "best_epoch": 21,
    "best_val_loss": 0.2011130296935638
  },
  "learnable_pe": {
    "train_loss": [
      8.597364028294882,
      5.471104065577189,
      3.657613476117452,
      2.2917912801106772,
      1.2938547730445862,
      0.7609554628531138,
      0.4840891708930333,
      0.3858604033788045,
      0.3230243573586146,
      0.25436509897311527,
      0.22823602706193924,
      0.20918256789445877,
      0.1935007149974505,
      0.1817985102534294,
      0.16804481049378714,
      0.15778041879336038,
      0.15131439020236334,
      0.15065875525275865,
      0.14503348370393118,
      0.14407619337240854,
      0.14110336576898894,
      0.13721238945921263,
      0.13231389100352922,
      0.13639124607046446,
      0.13231131931145987,
      0.1315547116100788,
      0.13183404256900152,
      0.13279619812965393,
      0.1300783691306909,
      0.1283057120939096
    ],
    "val_loss": [
      1.3325153777996699,
      1.4451968123515446,
      1.4942339231570563,
      0.8508598307768503,
      0.8388348788022995,
      0.5841826428969701,
      0.4283206582069397,
      0.34368858138720193,
      0.28560113633672396,
      0.3060385937492053,
      0.26450241133570673,
      0.28297922934095066,
      0.2638995096087456,
      0.2798152916133404,
      0.2780584634592136,
      0.27572299415866536,
      0.2749977211157481,
      0.2678561795502901,
      0.27377973223725954,
      0.28089203002552193,
      0.27485546593864757,
      0.27084606637557346,
      0.2725660706559817,
      0.273040683567524,
      0.27011782427628833,
      0.27040435125430423,
      0.27391349573930107,
      0.2707024892171224,
      0.2704126310845216,
      0.2713578133533398
    ],
    "best_epoch": 13,
    "best_val_loss": 0.2638995096087456
  },
  "no_pe": {
    "train_loss": [
      8.367304960886637,
      5.177317380905151,
      3.321093757947286,
      1.8510998288790386,
      0.9956238269805908,
      0.5190912932157516,
      0.39525386691093445,
      0.3181736022233963,
      0.2454874962568283,
      0.23827190200487772,
      0.19310910999774933,
      0.18499013284842172,
      0.17340500901142755,
      0.1566005696853002,
      0.15041485677162805,
      0.1466908281048139,
      0.1403539776802063,
      0.13941752662261328,
      0.13711907217899957,
      0.13711333771546683,
      0.12801246220866838,
      0.12880365798870722,
      0.12567290042837462,
      0.12668158610661825,
      0.1276424527168274,
      0.12296342725555102,
      0.12401068458954494,
      0.12278316169977188,
      0.12233005960782369,
      0.12172129253546397
    ],
    "val_loss": [
      1.21239113509655,
      1.3342341204484305,
      1.5254841466744742,
      1.14867245554924,
      0.6333563948671023,
      0.5784064630667368,
      0.6085175519188245,
      0.34220665544271467,
      0.4348656304180622,
      0.2951740485926469,
      0.31829621344804765,
      0.3046657666563988,
      0.2943405711402496,
      0.2920532758037249,
      0.2685619422545036,
      0.26823146604001524,
      0.2548890942086776,
      0.2640681723753611,
      0.26793435402214527,
      0.2520030940572421,
      0.25232133145133656,
      0.25038407209018865,
      0.25099657972653705,
      0.24294486343860627,
      0.2476362179964781,
      0.2451150386283795,
      0.24630966385205585,
      0.2458661620815595,
      0.24625892142454783,
      0.2462366297841072
    ],
    "best_epoch": 24,
    "best_val_loss": 0.24294486343860627
  }
}